,accuracy,precision,recall,f1
embedding,0.5081967213114754,0.0,0.0,0.0
direct_llm,0.5081967213114754,0.5,0.1,0.16666666666666666
rag,0.7704918032786885,0.7666666666666667,0.7666666666666667,0.7666666666666667
hybrid_rag,0.8032786885245902,0.8461538461538461,0.7333333333333333,0.7857142857142857
